user_id,account,trn_time,trn_amt
1,BH88 WBMZ SIGP 80WP DJSP IA,7/1/2016,$99.03
2,PK39 YBHN PIGE CJ8A 8KQA SBTL,10/30/2016,$685.56
3,PL93 5356 3336 9662 7981 6615 7340,8/28/2016,$189.31
4,FR32 8429 4913 63UV LENN DUO0 Z46,5/26/2016,$898.81
5,SA72 17HJ MKPJ 30PD MVNI YGRB,11/30/2015,$366.08
6,PT30 9746 2727 0300 2779 5542 5,3/11/2016,$945.85
7,SM18 H464 8084 000Z 4ZTZ W8IB UTO,6/30/2016,$949.14
8,PK16 XJPN E5EM J1X6 510D JIWK,7/18/2016,$135.16
9,PS54 JEUL MV1O INP5 LKFH 5MMR X82R L,1/31/2016,$729.51
10,FR37 9220 6852 05ET A060 N7UK M16,6/26/2016,$524.21
11,SI46 7215 4165 9100 410,8/8/2016,$661.11
12,MC26 0145 2670 79ZB AV2N TL6X B17,10/1/2016,$102.47
13,RS19 6783 9195 6335 3009 48,5/6/2016,$637.62
14,NL38 FZGX 4927 8239 15,3/9/2016,$621.65
15,BA17 5701 3291 1122 7292,10/9/2016,$321.69
16,GE91 LL47 7548 5133 6688 86,3/10/2016,$915.23
17,FR79 5445 0753 23VC XWHQ SPTM P26,4/15/2016,$77.56
18,AZ77 GDQQ CAB7 KZZR DBML XBDY CJIN,1/1/2016,$889.35
19,ME13 3552 3746 2670 6633 78,3/11/2016,$324.39
20,FR25 7899 6639 23UQ OGEH YVET X49,4/22/2016,$88.08
21,TN51 0613 2801 8235 2079 5656,1/4/2016,$535.52
22,AE45 4860 0273 1559 2195 803,6/21/2016,$629.01
23,AT15 1033 9283 8227 0288,2/6/2016,$307.97
24,ME81 8614 5922 4413 0182 47,1/2/2016,$633.88
25,FR32 5498 7808 142E OJ00 FUSK F34,7/28/2016,$381.50
26,IL79 0305 9725 6826 1456 046,7/11/2016,$770.43
27,FR43 5285 4724 98OR EPBE EWVD E79,4/28/2016,$871.85
28,TN78 5643 0619 3536 4763 3770,9/14/2016,$485.74
29,MC42 7132 1804 98QZ LR0Y CG6R G92,1/14/2016,$854.64
30,AT25 4327 9114 2599 9747,9/4/2016,$307.70
31,MC11 6665 5753 83RN CWVU BYX3 B44,5/10/2016,$390.69
32,AT60 6494 2647 6725 6638,7/13/2016,$549.06
33,GL94 3825 1767 9958 28,8/2/2016,$764.67
34,MD78 PB7L 1B6X LIQB D38T F0ZT,1/10/2016,$749.47
35,MC08 7760 1194 88IA 3ESD 1ACI P36,2/8/2016,$137.22
36,SI67 7197 3197 1552 691,6/20/2016,$979.26
37,SK29 1902 7439 1720 7253 3726,5/23/2016,$75.65
38,GE40 MJ16 4466 8940 6937 15,8/11/2016,$609.89
39,IE54 KSDX 8815 3301 7068 83,6/16/2016,$154.53
40,KZ94 831J BVU7 MITM 7CAI,11/11/2016,$620.09
41,PT75 2286 7236 9687 9671 6958 0,9/16/2016,$877.24
42,CH72 1534 2CJH ZYJS 7RXP T,1/24/2016,$991.39
43,LT35 4977 0006 5714 5998,6/25/2016,$793.38
44,GI37 KUBQ OK4K LQHK JM9V AOA,1/25/2016,$208.29
45,GE04 JR22 8181 4056 1602 01,12/10/2015,$596.99
46,EE83 2229 0457 7380 6041,8/25/2016,$270.31
47,KW73 FXMC QRUC QHWM KKR3 6WZP 40EE TS,12/15/2015,$657.13
48,KW11 VKWD 5ZQO U7SU ZBOU ADHD DQA3 E8,10/28/2016,$329.10
49,NO44 2830 6578 436,12/1/2015,$913.63
50,SM03 D962 9147 713W CUIG WBXQ PQK,12/27/2015,$154.14
51,SM13 Y574 1263 132W 25MX VPTP CEF,12/14/2015,$873.15
52,PS46 GBYL QQKS YXAP BXTB ID8L L28R 2,8/6/2016,$218.34
53,BG36 HHIK 1210 29AD 7AFH 7U,5/10/2016,$766.85
54,SE11 0831 9235 5982 0084 8056,4/6/2016,$771.11
55,SE86 6947 6296 9943 0527 4185,3/6/2016,$641.25
56,FO59 8601 4271 4767 70,4/13/2016,$572.89
57,LU93 211L LIPV RTFJ BFSU,7/12/2016,$574.96
58,RS42 7269 3772 8010 4293 18,8/7/2016,$408.14
59,CZ81 5468 7478 5115 1923 8950,2/24/2016,$170.36
60,FR32 9568 1300 27M3 NYVC 8F6D Z84,2/24/2016,$179.07
61,AT62 7012 0735 0536 0088,10/30/2016,$409.49
62,AD68 3041 1489 HPJW FZOF OLVI,7/30/2016,$338.53
63,CY50 4781 2927 A1MN OEZV SBPY WFRT,4/26/2016,$127.99
64,SE38 2641 6512 9817 7686 7661,12/26/2015,$885.13
65,RO34 YBFZ CMEJ SOPW 6AWQ TQGA,9/19/2016,$99.50
66,CH41 3982 1DNA ITN8 BSIQ W,5/29/2016,$669.82
67,GL65 7535 4436 9705 44,6/13/2016,$170.42
68,LB93 3660 Q0WF AT70 UIZD TY7B 9K4S,7/6/2016,$179.51
69,FR55 9920 9175 43M7 47PX QDOC O75,8/26/2016,$801.52
70,IE91 JDGE 2005 9916 5128 76,8/24/2016,$812.82
71,RO69 RESB QJ2H YF0P I5OG N7P6,8/9/2016,$247.24
72,PS69 NZZY XQBZ 9UWG Q7H5 AACY BFUL Z,3/19/2016,$955.81
73,GT17 AHI2 GYYP PVG4 A376 RKSZ L9J0,9/19/2016,$547.99
74,LT93 0592 3184 5157 7592,5/12/2016,$218.60
75,CH34 0704 3J1W KQ15 B6NZ A,4/19/2016,$149.24
76,FR18 9605 6990 89GI Z63D GUC7 G21,10/6/2016,$678.92
77,MK16 027Y UPBG EZII A72,6/10/2016,$618.39
78,CR75 9801 4569 1961 8347 7,10/6/2016,$814.20
79,CH83 0869 6JLM XC6S GYLZ Z,9/10/2016,$337.42
80,GI64 ZRFJ GRBX MXFT VMD6 TXF,5/7/2016,$278.01
81,MT37 DBHB 5031 5GKC 02KJ MGCO 4BHF NA8,7/17/2016,$657.21
82,BA48 3825 9736 0666 8035,3/26/2016,$75.28
83,MC75 7594 7484 00LR YEQL NAJX G77,12/9/2015,$400.96
84,FR11 9945 7768 59PR NHJT ULLC G96,4/28/2016,$444.53
85,CZ98 6625 9845 1826 4326 3202,1/25/2016,$989.00
86,DK36 5821 9732 6216 97,9/20/2016,$389.83
87,AZ66 JSVP 0RQH S3VA RXWT DDFK XAVS,11/27/2015,$517.85
88,AZ19 WVRN IFEF RYG6 U85C WKQA URVE,11/7/2016,$592.36
89,CR69 5767 0425 2828 9579 9,10/24/2016,$706.64
90,LT09 9980 0253 8781 0773,7/22/2016,$938.71
91,PT02 3914 2568 9609 3205 4264 8,10/1/2016,$298.69
92,MD50 OYUN XTBR RTOV JHU5 TGPV,3/15/2016,$454.90
93,BE44 6652 9638 7551,2/12/2016,$895.78
94,AL89 9643 0551 2JVL IT09 4BYA ZDBO,3/17/2016,$912.51
95,FR54 5567 5366 86MM WGB9 UDAE J98,1/10/2016,$244.02
96,FR67 7176 4980 17AO Q95P WLA2 B39,7/12/2016,$102.95
97,TN65 8912 1433 1085 8174 5282,8/14/2016,$806.91
98,GT89 WTXO XZBN ANPU 8U3V EJAS V0AM,7/6/2016,$389.25
99,TN45 3733 6884 1755 4994 6521,4/9/2016,$726.47
100,GI15 CKLI D5F3 PPFH E5Q0 M59,1/25/2016,$829.08
101,IS49 9644 1091 3282 3338 2100 69,11/8/2016,$133.00
102,HU15 5983 0971 2842 3471 1198 3631,7/25/2016,$963.70
103,CY10 8332 6855 V5QW O5UE KXIT AZNL,2/26/2016,$934.70
104,CZ41 4122 5611 3034 8987 6374,5/6/2016,$966.74
105,GT87 IOK5 ZROT SMHQ DUCY CUMC MSXP,12/9/2015,$493.04
106,GR33 9481 282I 4LW4 PEPL FQDW ITI,2/17/2016,$478.67
107,FR03 1293 5367 18NC 7IEC TUWO G62,3/22/2016,$640.92
108,TR44 3290 2QGU ESK8 K5NK M6DL QP,4/22/2016,$887.71
109,RS41 7269 6697 2127 7754 28,3/29/2016,$629.06
110,GI62 FEKW N0FQ DQRV KTFA XLM,12/2/2015,$903.89
111,FI80 5881 3461 7389 54,1/18/2016,$911.18
112,GR10 8249 0197 4GLI EGI1 3NGI HUM,8/31/2016,$801.53
113,CZ10 0621 8074 3066 5920 7321,5/31/2016,$631.41
114,FR02 6247 5313 864G BDNC TKST H66,3/16/2016,$888.26
115,BH30 OTVW TPPG CCMY FMWE QF,12/12/2015,$627.07
116,CH96 5526 55DM EMOB VFVX I,11/14/2015,$257.70
117,SA66 90JQ DXYK YN6Y SPGU JQGF,3/15/2016,$733.72
118,FR69 6307 6632 506O PWS3 RAW8 T60,3/2/2016,$651.75
119,BE63 4027 4526 3845,10/30/2016,$297.30
120,FR49 6467 5590 12GO LKJ9 XUCT V80,4/22/2016,$88.11
121,GE87 IB18 5826 5389 5250 69,5/30/2016,$938.94
122,FR15 2472 1702 92BG KXMS 8BC6 T29,11/21/2015,$225.80
123,CR67 8482 8511 5779 8262 8,8/8/2016,$498.05
124,HR93 4487 0238 7146 4839 4,10/27/2016,$908.69
125,PL88 9330 8813 7694 3212 5452 3375,7/8/2016,$959.18
126,PS48 UFNL PODN XDUH SM6A BMCX CQ2R 0,4/24/2016,$212.60
127,DK90 8640 2605 5828 73,8/29/2016,$639.31
128,KW35 NJLK SFU7 9LPO WQOD 04IQ 1OU6 IC,8/30/2016,$397.79
129,CZ83 7206 5380 1937 8348 7383,11/23/2015,$974.86
130,LB82 2316 H89D YERZ D6A0 KPCL WGKB,11/7/2016,$528.85
131,DK81 8608 8662 9404 99,2/19/2016,$347.64
132,FR93 1815 1745 71BP UDLL 93IK A39,8/20/2016,$809.49
133,FR07 2082 4504 94V2 TTX1 OKEG Z54,11/7/2016,$576.90
134,AD10 9400 2884 TZO0 S1L0 2VQA,11/12/2015,$332.31
135,MD95 RZG2 HQXS IBAA 58BJ R00K,9/21/2016,$661.42
136,KZ59 551U MGRS NZWL MJ8L,4/12/2016,$427.69
137,BE69 9876 2920 9634,12/22/2015,$715.45
138,ES35 7978 7811 3712 6244 8152,11/30/2015,$451.95
139,LI56 7689 8QEL GBVC SEWB B,3/19/2016,$381.02
140,MC65 4641 0841 3044 VL1D YC8P N10,2/20/2016,$291.87
141,FR07 3519 4173 95VE ULFQ SRQD 641,6/24/2016,$626.08
142,TN17 0880 0130 1382 1034 9635,3/29/2016,$584.38
143,AZ49 FCPE NR7G ZZTR LZQB OGRJ RSEK,2/5/2016,$520.48
144,PK91 ZHZE 5IFK 2PV4 ISHY ZUPS,12/23/2015,$985.68
145,DK33 0248 8794 9259 74,11/5/2016,$694.85
146,CY05 8522 3696 7N3F HAKB 8WWP GUIK,8/13/2016,$474.25
147,FR38 7136 0000 45BO DJHW YC5I 084,3/29/2016,$200.03
148,LU60 8906 HWYD T7RS 2JNI,6/24/2016,$549.33
149,CY69 7340 6821 QQ4D ZKX2 PU7T ZC4Z,7/7/2016,$539.76
150,NO17 9974 7485 158,10/19/2016,$564.24
151,IT58 N848 4836 112T FZBF 6UG8 AGB,6/24/2016,$365.03
152,VG36 BBDE 1438 9923 8013 5229,8/26/2016,$466.57
153,GT95 BCCE 20PK PQ6K YP29 VXWP TRJD,9/5/2016,$143.47
154,CY38 0024 7979 X3H4 TGAX T8BP WHMI,9/7/2016,$436.15
155,LT15 8879 0650 3345 5067,1/25/2016,$281.45
156,FR21 1351 6047 20EX 0NYH BD77 N28,3/9/2016,$546.57
157,NO28 8069 0774 944,1/11/2016,$820.17
158,MR31 0900 2843 9504 3526 8127 288,5/21/2016,$515.48
159,DE15 4181 2218 7586 0398 12,10/27/2016,$534.77
160,FR19 7224 8839 07LK E7BD CVQR Y74,2/1/2016,$783.79
161,DO22 9O7J 5531 5307 4526 1170 6658,8/12/2016,$776.85
162,FR25 1954 3488 97P0 9URF 0V0Q S85,2/26/2016,$484.93
163,MK09 146P JE8D VJSI 662,12/11/2015,$684.09
164,TR08 3232 41VE WMFB XD92 CMUD XJ,11/15/2015,$205.06
165,LU29 0986 A8CJ WADY 3BJZ,4/12/2016,$807.02
166,BA36 8856 3894 8897 9645,9/22/2016,$578.94
167,FR86 3117 3476 21EC PYW8 92GS 878,8/27/2016,$815.56
168,CZ04 8880 0852 0421 4362 6653,12/21/2015,$711.62
169,AE47 6709 4381 5387 5480 013,4/11/2016,$214.02
170,FO16 3329 6025 6211 96,6/21/2016,$300.89
171,DO68 UXLW 3638 8108 5033 3946 9822,1/2/2016,$586.45
172,BH61 YLUQ ZHQM UXZW KTBO MY,6/11/2016,$970.44
173,LI41 9560 481Z L4RP XYBW 4,7/20/2016,$234.17
174,BG74 NMAL 1802 92BH TFOH EC,4/2/2016,$332.09
175,ME55 7593 8920 5985 9544 59,10/28/2016,$353.75
176,FR77 4075 7924 26IZ EI3E 5DQN Q16,10/21/2016,$88.66
177,ES77 3465 4289 9658 2211 4975,5/9/2016,$254.15
178,PT81 7104 2081 9759 8571 5095 3,8/3/2016,$449.79
179,FR52 0340 0228 96E6 TQUC V5LK W43,6/11/2016,$717.57
180,FR65 9509 3723 092X VIJT NSU2 A14,1/20/2016,$121.71
181,PK19 PAYG RKOK JTOY 7CJQ KSC1,10/28/2016,$408.99
182,BE78 8054 9845 0057,9/9/2016,$578.21
183,RO47 RNQR TFEO 1KJD XC08 UNXV,12/21/2015,$696.84
184,AL58 3414 6103 XK9C HOPK 5KDV 7YBR,6/7/2016,$295.61
185,GR85 5996 987D 3WEU W2MR FZVY QYE,3/19/2016,$822.20
186,AT41 4998 5930 1549 5322,2/22/2016,$350.19
187,LV55 AVUU ZOA9 SHTS WLM0 U,12/5/2015,$122.21
188,IS82 8182 5436 4973 5305 4613 47,6/23/2016,$756.12
189,PL34 8440 1908 3258 5458 4841 9979,1/22/2016,$197.47
190,SI78 9573 2865 5041 743,7/8/2016,$630.41
191,SK44 5577 3609 2431 9993 6590,4/14/2016,$337.79
192,IS41 0557 3849 3607 6477 1495 58,12/7/2015,$442.75
193,AD75 2977 1066 IVX4 HLML QOYC,8/27/2016,$564.36
194,BE65 9956 2621 2037,2/11/2016,$122.87
195,PT21 8226 1554 5382 5949 6318 2,10/13/2016,$481.47
196,FR98 3196 6449 03RP EOIK 3EYI U43,7/30/2016,$440.83
197,MR38 0190 9462 2236 8630 2810 339,7/12/2016,$388.97
198,MU78 SJAE 1217 7668 9169 9197 064D RR,11/20/2015,$727.78
199,AD38 2733 9173 PP2Z CZGS CLUA,9/13/2016,$367.84
200,LV61 WYLN O4XN HJB4 EN0B C,8/23/2016,$628.94
201,IL44 2867 4401 4127 1073 580,7/15/2016,$429.74
202,AL24 4287 4759 W1UU 53RU ZOO7 IUQT,12/17/2015,$80.40
203,SA61 61WX WDQJ 8U8J DYSI IN0Y,9/17/2016,$641.68
204,MU89 DGAR 5736 7425 5601 7761 403A QJ,7/7/2016,$721.79
205,BG37 FXGP 2494 58B3 XGPG 32,3/22/2016,$798.03
206,FI33 2473 3745 0398 01,10/3/2016,$996.18
207,HU09 3832 8441 0973 5550 3607 0535,1/9/2016,$677.88
208,IL36 3118 8638 6210 4165 901,2/25/2016,$772.67
209,RS80 4015 9521 2412 7273 97,4/20/2016,$518.19
210,FR85 9944 7678 90X1 TKAF NC7Q W79,6/28/2016,$578.35
211,FR48 5553 7393 43I8 XW7B YS3U P77,4/16/2016,$412.56
212,CY45 6783 7867 KKMB O0XS LOME 36MD,8/4/2016,$603.05
213,FR16 4613 8755 400V UVML GO0X I62,7/25/2016,$901.45
214,IS14 3916 3437 6657 2152 6532 11,11/4/2016,$294.39
215,DO56 R74H 0222 3649 9496 7583 9402,2/21/2016,$494.34
216,LU75 934K L6TJ QKRC HNMQ,9/1/2016,$598.86
217,DO35 XEEQ 3435 2416 0243 2710 4441,2/15/2016,$844.74
218,BG56 GHTO 3196 59VA FCRW 2I,5/6/2016,$540.26
219,PK80 HTNB L2DF LFAM XEXE GR1X,2/21/2016,$862.81
220,LI39 9367 3BMT JEDM FM6Q 4,7/23/2016,$486.07
221,FR49 8202 1439 13LX 4PV8 EEBN M44,11/2/2016,$554.56
222,GB85 ZKER 8138 2060 3108 68,1/22/2016,$733.31
223,SA83 71DV FSOW DEO9 QKXX UJQ2,12/13/2015,$653.67
224,PL72 4179 3139 5427 7516 3567 2848,2/14/2016,$240.10
225,CY33 3469 4516 XMYS UG2U 3TO5 AAHA,5/15/2016,$450.46
226,DE94 9741 9785 0953 7720 84,9/20/2016,$340.16
227,SM68 J513 8168 604T XBYQ GYXC UPK,8/13/2016,$237.92
228,LU04 009J B0LT SYFA YGIQ,7/20/2016,$921.01
229,FR81 7745 1645 68BG UOVU G0P1 M30,7/4/2016,$504.49
230,MC91 6761 0122 92O8 VXOH 3K5N R31,12/29/2015,$284.54
231,DO73 CMW3 8531 1240 4781 2139 7389,7/25/2016,$583.40
232,CY29 2361 3488 X8LZ XYXI OFGG I1VW,11/4/2016,$243.84
233,CR44 1839 2003 9377 1941 7,4/14/2016,$951.38
234,TR89 9887 4ASK HBFD VS80 6IER PG,7/23/2016,$198.66
235,FR33 4242 0906 07RN YG3D ZNBC V71,5/19/2016,$275.30
236,MU30 VUKG 1860 7417 9364 2383 235L RI,4/2/2016,$227.33
237,LT78 6799 5158 3731 1793,10/4/2016,$230.87
238,FR05 4450 2077 68AN LYJP AFV8 Q59,9/29/2016,$926.26
239,ME06 5749 6108 3467 5719 90,11/14/2015,$755.96
240,PL31 6416 5747 0250 3760 2131 2593,5/22/2016,$793.87
241,LU72 079H FLPT MXOS 78VG,3/25/2016,$874.20
242,FR28 7132 2551 30UF RZYZ HPM7 I92,6/27/2016,$510.39
243,DK31 5839 0390 5874 74,2/29/2016,$837.68
244,RS98 7548 9571 0957 5413 51,12/15/2015,$474.07
245,RO71 NJGL GY1I VTLM BTIV QF5L,8/1/2016,$171.81
246,PL57 0981 7017 9630 4877 3938 0868,11/19/2015,$916.54
247,CR23 8697 3905 8695 1393 5,9/17/2016,$235.55
248,DO95 UTQJ 8488 6648 0302 8768 9568,7/11/2016,$354.31
249,FR48 0225 3652 7465 6GJY 6QN6 Y95,2/29/2016,$708.82
250,KZ87 243Y QX5J XTPW PFIN,3/6/2016,$579.33
251,GR58 0267 0867 SXAX 97AZ G2LZ IGN,8/22/2016,$510.07
252,AD89 8480 3559 ZJ7Z YYFS 9GZW,9/9/2016,$502.95
253,AD76 6333 6470 PARO 2IYZ JRTW,7/27/2016,$148.89
254,FR20 4875 1360 04EY E0ON 5NHT M42,7/20/2016,$604.22
255,MD51 KMYI KKKE DLSS 9AVJ ZPHD,9/20/2016,$394.15
256,RO14 WDDY AGEO OE0B JYVS DCUM,1/1/2016,$854.92
257,IE32 XONP 7014 0553 9822 31,3/25/2016,$968.88
258,FR83 1197 7921 10AF TFOV OMYZ E78,11/10/2016,$758.01
259,PL14 6904 3059 8781 2048 4901 5326,5/25/2016,$745.82
260,FO08 6800 9914 6162 09,6/27/2016,$925.79
261,MU67 TZGO 5468 8375 6933 1727 707Y GG,2/6/2016,$736.10
262,PS61 EFLA VHXX AQIU CW2H RGJ1 SVEA P,4/29/2016,$100.24
263,CZ96 7996 0993 2207 0361 5984,12/27/2015,$216.78
264,MT08 LQEF 6232 0MDF 2G8X DOSC LFEW D2R,10/18/2016,$225.56
265,AE05 9386 4826 5498 8371 096,3/29/2016,$418.04
266,TR20 8674 8XIM LVVP FH4P TUWU SO,4/13/2016,$469.37
267,PS65 FKPV WEOZ MJXH NIIK N0NL 0QW5 S,11/25/2015,$583.32
268,SI87 7704 0756 0764 730,7/29/2016,$658.77
269,IS78 8201 2759 4601 1084 1551 02,5/12/2016,$685.74
270,LV57 XTGA EYJQ WH3O YY7I P,5/3/2016,$867.61
271,FI33 4537 1172 0930 11,9/14/2016,$534.88
272,AD68 8183 8046 X6HI KVUH JH3W,2/14/2016,$663.79
273,FR71 2258 3464 09FD XEKZ ETNQ C91,6/19/2016,$429.95
274,GI06 OMTO NYHH XNAZ UN1F M64,4/8/2016,$901.35
275,SI70 7302 0802 4176 107,2/25/2016,$477.26
276,IT86 F411 3594 940M TGDD KJYU P93,3/17/2016,$741.03
277,SA14 026S K8X1 ZR46 E5VD GISX,11/17/2015,$92.76
278,PL97 3602 3137 1200 2631 3726 4033,8/10/2016,$397.20
279,FO06 4953 0226 5518 06,8/5/2016,$120.22
280,ES28 2781 1602 2368 7600 4088,8/20/2016,$353.57
281,FR34 0104 8638 63EM ABXT EZDY O18,4/4/2016,$495.11
282,NL71 CQWC 7571 1166 02,10/7/2016,$712.51
283,PL19 4338 1222 4191 6603 1402 4387,8/4/2016,$660.19
284,PS07 SDRY 6JUQ DFYC WGLI LEPN SJYT Z,9/11/2016,$899.13
285,GB78 EMAF 0476 6784 6025 42,3/18/2016,$294.20
286,CH81 1505 4QU9 SQRH HKL6 L,6/6/2016,$794.34
287,FR92 0781 1583 84ZH 1VJC QRFH S90,2/2/2016,$149.12
288,FR08 0677 8389 84LR SX7C O4VF J95,12/2/2015,$766.87
289,GT93 YMRC CQSK Y9AP NSDY L4IS QPBM,3/11/2016,$149.31
290,KZ41 660I GXW3 ZGAZ SFDV,2/27/2016,$513.91
291,CR96 9791 3507 3482 7452 0,8/17/2016,$601.98
292,CR36 2971 7704 8476 1710 1,1/5/2016,$82.42
293,FR24 6972 5693 090E AXIL JFIZ 732,8/1/2016,$766.02
294,ES96 9372 6600 8471 9434 5233,5/12/2016,$428.80
295,LV03 UWFM VHDT LZDJ FDIL 6,4/17/2016,$326.34
296,FR21 0716 9667 59SO NOA0 YXQ6 D12,11/13/2015,$959.03
297,BA35 6709 9448 2179 3469,8/29/2016,$380.08
298,BH03 DMAA C0FI TU5Y ZHLU VN,2/8/2016,$224.33
299,BH98 MWLN 07NT NBXO FGOR NQ,7/10/2016,$622.70
300,GI69 QCPN WSAW 33E7 LBOF VAT,6/26/2016,$868.27
301,FR06 2131 4339 60L3 ODZF 2HDX 704,6/16/2016,$885.97
302,CR91 0181 2756 0778 1807 7,4/10/2016,$87.96
303,ES07 4378 4638 5197 5958 3523,9/6/2016,$701.37
304,RO26 PQWV G412 ZPOI BKBH GRTE,10/18/2016,$319.04
305,FR34 7389 2166 32ES GFSF SHZ9 Z76,11/18/2015,$433.16
306,AE07 5228 1572 7842 4052 442,11/26/2015,$894.35
307,BH38 IKYQ 0GGL Y8VB GDPL 5O,4/5/2016,$981.41
308,DO36 7NWR 1693 8143 0226 1977 8356,1/27/2016,$178.02
309,CR02 2337 1288 0018 0903 9,2/3/2016,$755.92
310,DK07 0814 6481 1664 38,2/8/2016,$190.60
311,DO79 MO9Z 9787 1718 0475 2004 7088,4/14/2016,$820.31
312,LB97 6326 5MQ1 CE0C GWKP 5HAA BFTD,1/15/2016,$226.76
313,BE96 7283 3278 3335,12/5/2015,$488.97
314,VG07 WCBU 8027 0554 9472 8300,7/19/2016,$481.93
315,SK70 4010 1427 4525 4287 6622,7/19/2016,$419.91
316,MD86 JKJS RY4L UOX4 XF74 U2RV,6/12/2016,$297.79
317,AD41 1101 5440 2XHM KZXU YQ3Z,6/15/2016,$602.13
318,PS07 REAG EMLZ QTAQ SUEN AZZY ZVML L,2/1/2016,$793.45
319,MR69 9562 6162 7059 2561 5015 648,11/5/2016,$622.19
320,FR75 0845 1369 33QY EQWR QVCM R29,7/17/2016,$505.56
321,ME23 1358 2140 2193 5585 19,11/26/2015,$902.81
322,ES29 0132 2063 8294 9135 1607,11/12/2015,$942.56
323,FR78 2006 0051 40O3 P2HW 3T9L 164,10/15/2016,$963.45
324,CH98 1460 0TBD PRMQ UWDJ J,1/2/2016,$295.91
325,PT37 0112 2062 3828 3865 2753 1,8/13/2016,$229.04
326,MC86 5799 4028 077Y WWYQ 08AJ U56,8/8/2016,$512.43
327,IT26 Z196 6810 762F NTQH G7DF QSY,8/26/2016,$217.92
328,BR66 4554 4102 1918 0558 6639 521O I,10/8/2016,$695.43
329,GB61 XCBM 4051 3768 5367 90,1/9/2016,$152.13
330,AD52 6844 0085 JKP5 V9LG GNCC,9/17/2016,$958.02
331,IS50 4457 7753 2080 2779 6491 64,1/4/2016,$563.51
332,PS13 BXQF V3UR VHYM BKKV R5SW 13RZ 7,9/11/2016,$350.64
333,BE37 7266 8978 8600,8/18/2016,$447.58
334,DK89 2258 7146 0425 92,5/18/2016,$342.67
335,PS41 IJCI BKPY TCJ9 BANG G4L4 4ECP M,4/8/2016,$859.86
336,LB91 5329 JDIC GFV7 XFOV UIRY 4YUU,9/12/2016,$818.59
337,FR74 4377 9597 22N6 RQE5 4ABC S03,10/26/2016,$719.12
338,PT70 3402 1738 2932 8820 1644 9,2/1/2016,$579.66
339,GL12 7598 1759 1523 64,7/29/2016,$336.55
340,FR19 9867 0524 50PD E7VR X9TF T83,1/3/2016,$923.45
341,FR53 0304 3046 30Q2 LERK TT08 L26,7/25/2016,$163.59
342,IL37 4164 1340 5027 6847 818,12/3/2015,$298.44
343,FR94 0946 4006 07QY YLYF USJ1 O83,3/7/2016,$771.23
344,FI80 7172 6342 8465 19,1/27/2016,$218.53
345,DO60 2E9E 8922 0009 2380 1309 9345,4/1/2016,$988.47
346,GI74 TPKC PZTY OOEH KTXO 0IW,8/2/2016,$576.90
347,IL93 8510 1878 2919 1209 336,10/13/2016,$534.55
348,NO71 1846 2759 930,7/27/2016,$109.27
349,HU14 6500 3336 5587 9793 5814 3051,10/9/2016,$821.31
350,TN03 3652 0187 5207 8098 7397,5/17/2016,$753.75
351,LT83 9065 9743 4320 7290,9/25/2016,$251.11
352,RS84 9851 1578 9262 3355 42,9/7/2016,$665.31
353,SK85 9959 1884 0105 3374 9128,8/4/2016,$938.51
354,TR34 6751 922Y EZ1U KECK OLTW H5,12/29/2015,$185.91
355,FR49 1731 2552 37DT T8U8 RUC2 X51,10/11/2016,$536.93
356,MR08 5169 6421 9399 5263 5392 340,4/8/2016,$399.06
357,MD20 QQYA WZK8 RE25 IVUY VOMC,3/16/2016,$579.98
358,TN36 1682 0764 2644 7894 8444,5/12/2016,$748.75
359,RO14 VZVC 0JZY 2SCX 6NP9 XLDF,7/14/2016,$587.80
360,FR56 5535 5471 24ND YPMT LKWR K23,8/14/2016,$833.38
361,PS39 PNAZ BXBS DJXX L7LX XTDO 2F25 Z,10/17/2016,$612.10
362,MK27 355F HEGL REVE U21,6/10/2016,$682.60
363,DE63 7388 1843 4933 1710 25,11/21/2015,$160.60
364,LV17 AFEZ OS8C MYRI 6I4J V,12/7/2015,$298.63
365,TR23 0230 7XBE SEGT JOK4 OBZN WF,6/13/2016,$137.94
366,FR41 6136 2507 691K B6QN 0KA4 797,10/11/2016,$869.03
367,GE59 EB55 4312 1006 3385 83,1/23/2016,$404.63
368,FR11 4297 0503 52T3 M0DT 1KTW U07,8/20/2016,$808.69
369,AT42 1595 3420 4269 4987,12/19/2015,$148.07
370,FR91 7130 0570 28AS N9VE LKCW Z25,11/14/2015,$127.10
371,SI32 2925 0661 4131 598,7/3/2016,$375.90
372,PL20 7663 6664 1977 7099 6863 6275,9/8/2016,$785.58
373,TN98 6022 2192 7331 0314 7746,8/23/2016,$853.94
374,AE36 5602 8430 6634 6223 504,11/11/2016,$683.41
375,MK44 6392 RDL4 EWYW M07,9/7/2016,$613.98
376,IL91 1342 5807 4872 2219 205,1/11/2016,$745.21
377,KZ85 592O E66C 1PG3 EYHG,1/3/2016,$986.29
378,NO48 5757 8623 287,11/11/2016,$838.60
379,NL89 ELGI 2503 3752 05,4/19/2016,$259.99
380,CH27 0215 0TCU MDZA GIX6 H,1/21/2016,$314.28
381,GL31 1295 8079 2785 89,11/17/2015,$487.36
382,RS71 2739 2191 2255 0437 75,11/22/2015,$137.46
383,PL08 1453 8734 6643 8200 2464 1449,8/29/2016,$540.35
384,SK76 6805 2994 1997 2022 5150,5/30/2016,$628.99
385,BH42 ETYB UYLE DXJO HRUE 1S,2/13/2016,$755.76
386,GI72 IIZW QYBW CE5V WTPX VMF,12/2/2015,$869.20
387,EE03 7205 5151 6643 4445,10/12/2016,$246.76
388,HU48 4444 0935 7230 3769 6367 8947,3/7/2016,$461.53
389,FR50 2453 8655 128G EYZX JJ5U O03,2/4/2016,$176.67
390,SM62 W086 7345 464S ZT2K TSCX CQI,6/1/2016,$440.98
391,FR03 8521 1123 98QT KYGR K3IL K46,4/11/2016,$861.39
392,GB38 ADLT 5337 3996 6886 29,2/17/2016,$190.10
393,FR39 8983 2896 47KC 2Z7A QRVK Y71,10/1/2016,$888.25
394,FR47 2990 2410 93VF XVV2 XQVW 825,10/26/2016,$380.00
395,FR83 5658 1716 36XG A13J M9B6 Q83,5/24/2016,$939.55
396,IS11 9593 7736 8959 6872 7022 10,9/5/2016,$955.38
397,LV72 BMFV KDQQ W1VJ YIDI S,2/10/2016,$218.26
398,MC74 2025 8125 693U Z2SP XKVD B95,11/3/2016,$878.40
399,FR95 6820 5517 97AY XKEO EMDH K50,5/19/2016,$647.10
400,AD07 4710 2395 ZTAG IDZU UUDV,12/16/2015,$633.14
401,PK92 HJVA U20S U9QX 4TGD SLCY,12/10/2015,$307.50
402,DK49 6397 8088 5368 44,8/11/2016,$642.44
403,ES85 6392 7418 6027 4911 5588,6/20/2016,$671.95
404,ME09 8350 2525 7726 5539 24,11/6/2016,$927.63
405,DK46 2539 3271 9193 40,3/16/2016,$410.87
406,FR82 9045 3688 55R0 6NE1 39HY L37,3/17/2016,$801.55
407,FR31 1371 2499 384G B9VC B9OQ G81,3/24/2016,$630.86
408,CH22 7882 3IL7 RHBD 82ZI G,8/25/2016,$588.55
409,SE20 5890 9473 8838 6013 8836,1/8/2016,$564.48
410,GR71 0137 393F 7DU7 CJZU KIHY DZZ,3/10/2016,$312.83
411,LU42 9756 OVJB 7MYG QAKK,11/23/2015,$413.81
412,FR04 3753 6435 45R5 GYBI YQEL T55,1/12/2016,$111.29
413,HU37 0679 9101 7026 6347 7317 4217,9/2/2016,$446.59
414,FR16 7468 3788 74L7 R8JA WL5C D42,4/30/2016,$677.49
415,ME33 0527 4515 3435 6362 88,6/30/2016,$688.71
416,KW69 MIPQ V4M5 OGAF XYC0 D8GL 2BN1 RU,12/22/2015,$362.78
417,LT32 3385 6446 6112 6048,1/27/2016,$903.89
418,PL37 5230 2616 9426 6236 0621 7862,5/27/2016,$272.44
419,FR17 8462 3512 71XJ FPHJ AS9D L23,10/25/2016,$931.80
420,FR69 5476 2692 77YN 7ZYL 9XZL U09,10/10/2016,$999.68
421,GE41 HM47 5592 1721 3393 89,2/25/2016,$171.15
422,GT72 UMYL BUZU INSK XHZU OXUT UKNL,9/19/2016,$766.53
423,RS14 3637 9715 2594 2473 56,5/31/2016,$662.85
424,GR33 2551 910U YV1J BLK0 WYL9 WSU,8/24/2016,$920.58
425,FR81 3962 2181 08J5 GT9P KN1U I34,3/27/2016,$479.41
426,GR69 9678 459U OHBB 3QKG 55OZ QXM,7/1/2016,$616.02
427,PK10 HRDW WEBA 3PPJ 1XEX 4ZEB,5/22/2016,$356.57
428,PS10 PZHS PNLT 674V YNY8 FCCJ GCCO U,6/14/2016,$313.92
429,FR36 7039 5158 49WB N8WS RIDO M37,1/9/2016,$129.45
430,FR03 8792 8547 26UY OOYR NDHC J50,9/18/2016,$125.61
431,PT83 8665 2820 3888 6112 0286 5,10/28/2016,$141.02
432,BR02 0063 1955 0661 5756 5296 995Q 2,8/11/2016,$833.53
433,BE33 6833 5109 5816,8/5/2016,$281.20
434,PL92 9154 1577 9206 8778 3872 1833,4/26/2016,$467.62
435,EE23 3170 5436 1571 8693,5/24/2016,$985.69
436,GL92 1127 2476 6054 93,9/27/2016,$459.23
437,MU07 BEBJ 3123 4924 0951 0626 743H JV,1/4/2016,$240.27
438,FR65 0104 9424 220K YKXL GLD8 C52,11/11/2016,$563.07
439,NL12 QSWA 8846 2194 24,2/12/2016,$893.88
440,GI60 LXXJ UZFA MKZM YCRL 6XX,11/25/2015,$300.26
441,IT69 X970 0279 247B LOLD GSIE HYF,1/24/2016,$912.65
442,DE45 4956 7404 0406 9272 46,6/25/2016,$208.74
443,AD27 3336 3969 5NCN GTWO UNKA,3/31/2016,$837.63
444,CR28 4564 1111 3364 0518 8,3/19/2016,$420.24
445,IE58 MSXR 4257 4963 0571 89,9/1/2016,$127.51
446,BE11 9083 2022 9661,3/11/2016,$655.95
447,GE77 LA87 4543 9129 2581 37,10/11/2016,$630.44
448,FR67 6184 0299 68H0 C0VT RBB2 J97,11/3/2016,$174.84
449,IT50 N440 9606 443U BTSD OW4S OIY,10/9/2016,$359.19
450,AZ23 ZHXE EPGR MRTE D5SC USJX 4WOK,7/19/2016,$784.93
451,GI71 STND HVNB 6A6Y LXYD HDB,9/30/2016,$791.08
452,FR14 6285 1218 87KK FTMK V4D9 K67,9/1/2016,$275.94
453,MK47 819J RRFX JYNL C25,7/18/2016,$793.15
454,FR79 6023 8641 09FT BYCU OLFB P85,9/8/2016,$425.62
455,FI81 9652 1629 4490 03,8/27/2016,$978.63
456,BR23 2259 6925 5413 7273 7011 996T E,3/21/2016,$914.06
457,NO97 3825 7514 930,5/23/2016,$829.26
458,DO36 RKJN 6522 8428 1962 4685 8443,6/9/2016,$731.97
459,AT09 4873 3060 4001 3815,10/2/2016,$536.62
460,SI63 1538 2401 2384 477,7/29/2016,$809.74
461,FR18 2299 5749 20QE ETRL OSMC Y40,10/13/2016,$675.02
462,LI14 4571 6L4B T1HG PW20 N,4/7/2016,$563.33
463,LV18 SJSY E4EY U3IM EC7Q L,3/20/2016,$863.82
464,GL59 9147 9503 2370 69,1/14/2016,$197.13
465,CY96 7338 6969 8F6R A8HU OL5F 97FZ,10/17/2016,$178.11
466,LT70 6689 5843 1793 2471,5/11/2016,$128.65
467,MR93 2940 9477 7384 3273 3094 816,8/21/2016,$697.52
468,LU94 620G SV7J FIWE WGM5,7/6/2016,$871.27
469,IT80 L313 5776 886T R2JI 8ICE CGD,1/18/2016,$767.08
470,MC21 7246 4447 68B4 AIG5 PUZR U57,11/25/2015,$424.86
471,AZ88 JICE WHUB KTNL YXVM U3RW KQWW,10/5/2016,$950.75
472,SM89 T079 2273 721T MZ8U CVIA TR8,7/20/2016,$656.31
473,MR40 9328 2265 4833 7479 6617 966,3/11/2016,$443.71
474,AT83 3308 6096 2162 9090,4/29/2016,$686.15
475,LB57 3928 ZPPA VBNX 9CV2 34C8 6ZRO,12/2/2015,$923.38
476,FI31 9001 1467 9830 10,4/19/2016,$325.10
477,PT33 7733 7170 7389 3915 6058 1,10/31/2016,$139.09
478,FR89 3744 0847 44OE DWVS TMDX O13,6/22/2016,$232.48
479,PS67 OQLF N3NL WJJC COCV L3FK XZ5K T,10/28/2016,$481.73
480,LI48 0265 5NYV IBWK XHMQ E,7/14/2016,$455.43
481,LU16 885J LKZW D0NQ FG3G,11/15/2015,$445.24
482,MK49 448Y CLIV BIUZ E29,2/23/2016,$953.75
483,TN95 7320 6159 5874 9398 2012,1/3/2016,$844.06
484,GB84 DHNR 2696 6596 0088 29,3/6/2016,$76.37
485,LV39 WEMC PKPL LPY4 MPHN W,6/17/2016,$864.54
486,SI11 0144 6562 0934 651,10/3/2016,$627.73
487,HU02 1542 4093 5636 2362 5974 5167,4/3/2016,$354.14
488,CZ26 7085 8340 4154 9790 8163,7/2/2016,$729.77
489,FR27 5798 6337 2331 CFF7 YJ3R E57,10/30/2016,$517.97
490,IL67 2979 5379 3018 8263 052,2/27/2016,$658.90
491,LV61 HOKV ASPH 3NJJ 7JBR N,11/2/2016,$982.65
492,VG13 MBGP 5158 5006 4295 4748,5/7/2016,$890.54
493,MC56 5363 3384 06AZ GAJE UDUP E01,2/18/2016,$578.89
494,GB48 LESN 0395 6965 9223 80,4/16/2016,$663.60
495,FO31 5895 3454 7265 02,7/3/2016,$558.18
496,MT57 RPMS 9811 9HD7 CDGX QDQQ IZCM IKU,5/26/2016,$570.99
497,FR39 3232 4308 90HW XHAC 0JCI W02,5/2/2016,$184.04
498,SA83 11BD FT5X W1ZJ 92HH KRW5,12/16/2015,$210.46
499,LU06 123G RJN6 M0E5 M3CX,4/1/2016,$901.33
500,GB43 YEVU 8597 3151 8986 88,7/4/2016,$634.91
501,DK60 0346 2951 3423 14,12/10/2015,$678.50
502,RO64 VSEB VPDY BXTA CS8N SUP6,4/1/2016,$241.73
503,GL38 6564 1110 3759 64,6/17/2016,$507.68
504,RS03 2691 4531 1644 9077 40,9/20/2016,$829.27
505,SI62 6269 2529 8439 026,7/3/2016,$589.74
506,SM85 N388 0258 217Z OIGW 3KYV MZ8,11/28/2015,$925.46
507,RO32 LMXC SEAH BLPK D6EG 6ATW,12/17/2015,$202.67
508,VG34 CFUX 6881 7613 9899 0056,8/19/2016,$289.48
509,FR02 6039 4297 26FP CUBG PQWG Y53,11/10/2016,$323.93
510,MR96 8735 3167 1075 4874 9232 196,1/17/2016,$726.20
511,FR62 1160 4663 34OT FKIT 9HON 319,3/18/2016,$855.11
512,SE28 7769 5289 9996 2924 8431,2/9/2016,$277.06
513,IE27 BOZS 0374 6844 0322 42,8/31/2016,$114.23
514,GB91 ASBI 3572 6048 8277 49,1/28/2016,$412.42
515,FR76 6804 4079 08GE LOBS 3TVJ Z89,11/23/2015,$947.93
516,FO92 3768 0765 1445 63,10/9/2016,$696.27
517,FR98 9175 4525 278K 67KP 4IYB 797,11/28/2015,$531.22
518,HR27 4167 9687 1327 0967 0,7/25/2016,$421.03
519,FR12 9520 9740 91KA RWYP 0QFZ 857,5/6/2016,$776.69
520,PK76 RKPR 5TCA SXMD LAOF U0UO,7/30/2016,$794.46
521,FR33 8306 5218 13GH 2OZI FNBE P37,12/15/2015,$931.27
522,FR96 5703 1097 17RC ZM4N DNAV T66,1/24/2016,$482.46
523,KZ21 754V UKCI EFOO 3HER,8/7/2016,$875.53
524,FR18 2211 0461 57VR NHT2 NRS5 D58,5/24/2016,$525.61
525,TN84 8208 7537 9008 5911 3722,4/17/2016,$280.95
526,PL21 0892 0374 8743 5021 6853 8260,8/29/2016,$939.17
527,FR80 6156 4359 735E 0E5M 5OLK O54,5/11/2016,$572.83
528,FR88 3272 4682 18EG LMW8 FNO9 W99,2/26/2016,$499.13
529,GR59 1591 103P 46NK VMVP GGYE AGW,11/8/2016,$834.13
530,HR23 9076 5369 7824 3508 4,2/26/2016,$170.74
531,MK03 799D CQVD EKTR 516,3/9/2016,$104.60
532,BE40 4771 1985 1299,6/9/2016,$575.69
533,SI86 7133 8080 7102 829,3/31/2016,$983.17
534,AT59 7446 5351 7583 4298,12/25/2015,$168.84
535,CH27 1786 9MEY JK9C NQN6 V,2/13/2016,$452.70
536,MR79 6331 9959 6245 5450 8921 093,5/23/2016,$215.80
537,FR23 1623 2566 81FC IVRF Q6GH K97,3/23/2016,$101.19
538,ME10 5365 9307 1280 9146 75,12/28/2015,$920.89
539,EE62 9647 9581 0519 8540,3/11/2016,$864.45
540,AZ82 MDLX QSWY QEJH PDW8 UJB0 UCVO,5/3/2016,$917.49
541,EE86 8546 1206 1518 6206,11/5/2016,$675.77
542,MT68 IMTX 1690 4UWH 5L0Y HMH5 DPRU VDT,5/4/2016,$400.77
543,SE63 0821 6584 8324 3565 1030,4/28/2016,$780.90
544,GR63 9479 3068 102D OMUM AGYU U0G,7/31/2016,$406.37
545,SK48 8856 3443 5949 9608 0477,10/18/2016,$367.07
546,DO39 TDJZ 6249 2813 8343 0285 1924,4/10/2016,$640.74
547,FR54 3203 6001 84XX ETKB YPIT Z37,10/7/2016,$384.84
548,FR06 9991 1008 28XX JUKL TBEP 275,11/24/2015,$482.88
549,TN12 4528 8762 8498 2930 0962,1/25/2016,$896.94
550,KW03 GUYR VY2A PQNH VOLP TEXF RGI2 W6,4/1/2016,$823.90
551,FR11 8943 0565 21D8 RZGR ESZX D87,11/23/2015,$545.53
552,SI34 3532 4850 6861 298,5/11/2016,$815.32
553,MU21 OTJY 1315 4435 0726 2148 423V ZJ,2/23/2016,$406.49
554,MC09 4945 6170 25G8 ZEQJ FURI Q52,9/18/2016,$978.84
555,FR71 1348 9479 5758 0JMG O9DO A82,5/29/2016,$456.50
556,FR19 4649 2539 05UG FLQ0 1N0E J17,8/17/2016,$671.21
557,SK70 5982 9063 6537 1437 2623,7/12/2016,$85.33
558,KZ06 098T HIDC J3LF S6YB,9/14/2016,$749.31
559,SK10 3201 3378 8960 3700 2700,1/13/2016,$891.15
560,PK20 WKBY IRIW EEUR PT6E ASQE,3/11/2016,$267.95
561,NL43 GVJX 6688 6568 71,2/2/2016,$898.40
562,GE74 JE20 2823 2111 7911 30,10/16/2016,$443.58
563,FR43 0058 1714 83WG R2IG XYJX 220,7/25/2016,$193.84
564,SI54 5018 4701 8592 402,6/24/2016,$668.31
565,CH61 6546 3JDQ 26HS 0PHO J,12/18/2015,$111.87
566,FR15 9663 0110 23L5 OWCI WPUV 861,2/25/2016,$890.92
567,MD71 AUQD PJXB MWY8 HAGD 23PZ,3/8/2016,$975.00
568,GT18 L0MX EBKD SND0 BBV4 TXLX IXC7,3/19/2016,$139.64
569,ME92 4512 6032 4168 1313 38,4/28/2016,$348.77
570,SK24 7210 8999 3575 5889 0680,12/12/2015,$974.65
571,PK27 FSCQ KHSQ XWE5 PI2D 7VXW,1/10/2016,$517.85
572,BR23 3098 2948 8957 8350 5177 081O D,11/8/2016,$735.11
573,MK85 873M VGCM SIGJ V06,2/15/2016,$561.01
574,LI07 6457 1NOL KRDH 1KCD G,9/26/2016,$298.35
575,MT86 AKUJ 1909 6OPU THUL GKAB NGAW SLV,4/26/2016,$560.37
576,DO62 MJYI 1551 9264 7842 2531 2682,7/20/2016,$156.38
577,PT06 9207 5553 5113 1265 4177 8,5/26/2016,$202.23
578,FR72 7919 8410 83GM KR3P OWVT P51,8/31/2016,$973.11
579,SI85 1276 0027 9148 332,5/10/2016,$678.15
580,BG03 JMLQ 5419 33E2 TNJK 33,7/27/2016,$620.60
581,SI76 9167 4440 3008 941,8/28/2016,$757.99
582,SK06 1996 7184 9951 3987 9386,9/1/2016,$913.82
583,MK57 656D C7Y3 RAPC X30,9/26/2016,$449.63
584,KZ36 722Y UINF QU9W XAGH,7/2/2016,$162.43
585,FR48 8204 6077 95Z6 NXBZ L0QC Y32,1/10/2016,$171.90
586,LT09 0087 0629 1120 7885,11/19/2015,$381.45
587,HU42 7058 4760 4675 4106 0965 3694,6/5/2016,$296.40
588,BE17 7570 5193 5985,6/14/2016,$744.51
589,FR47 4776 6801 17S3 HUC9 EBB6 F26,6/17/2016,$555.47
590,IS75 0983 7926 2282 5193 2589 66,7/16/2016,$827.27
591,BA45 5403 7567 8497 6560,2/8/2016,$523.76
592,MC95 7158 9803 78HT LRX0 YPWK D36,4/9/2016,$758.89
593,GT90 BMT8 ASEY CL3H BWEK NMBZ BF8V,10/31/2016,$768.54
594,NL07 BLUK 2296 1316 89,4/25/2016,$852.78
595,SM41 Q041 9753 6140 EVV1 ANCV 7V6,6/19/2016,$535.29
596,MR92 4251 3260 5214 4531 3377 261,7/4/2016,$240.90
597,KW88 CACM ZIKR E6GD ALVK OOGA VDG9 EZ,5/20/2016,$498.74
598,SM49 M593 5655 357S PRIG YFMN VIB,6/22/2016,$604.69
599,TN98 8931 9643 5911 5607 4505,8/11/2016,$388.59
600,FR98 8839 9575 01MO JIU0 DS6X V58,9/28/2016,$885.36
601,GI81 DMYH CQFK UJIK 6AS8 F24,10/25/2016,$200.24
602,TN57 6514 8983 7298 3681 3165,1/20/2016,$593.17
603,FR71 4409 6228 382E IM0B JN38 F69,3/2/2016,$324.28
604,GB83 NQEM 1812 5424 7038 02,3/23/2016,$402.66
605,LI05 5170 9HKF G91M CNBW H,5/11/2016,$524.58
606,FR63 8900 2204 89MB YHTO IP5O H42,1/12/2016,$813.49
607,MC88 7797 2890 36Y8 2CJA I0EF B74,2/1/2016,$917.00
608,IT23 M938 1725 980A ZNWV Z8MI YLQ,11/1/2016,$122.91
609,FR06 9826 7756 05P3 99NH EK9E J53,7/20/2016,$222.94
610,MC03 0130 2695 22G9 JMUQ BY4D U14,10/28/2016,$592.41
611,LB69 6295 WCU8 WXOJ JEEJ SFLB 1IHF,9/8/2016,$788.87
612,MD29 7ZRC KQQJ 5GTR IUUI ECOA,5/4/2016,$492.04
613,DE62 2224 2975 8680 5086 76,4/15/2016,$211.08
614,FR40 4715 4081 66AU SWY1 AVPC F20,3/9/2016,$290.01
615,IE82 MWYB 1434 8634 0213 19,4/9/2016,$514.57
616,IS20 0670 9627 5831 0593 3255 66,9/3/2016,$181.89
617,FR77 7964 3637 19KM DZNA FXZ9 J05,2/24/2016,$378.44
618,FO30 3470 6465 1493 59,4/7/2016,$386.17
619,LI75 3430 9DYM IBBZ VOVW H,1/10/2016,$686.90
620,GE94 PH50 0745 5865 5666 00,6/27/2016,$799.57
621,DK65 7142 5288 1558 35,2/10/2016,$329.69
622,PS80 RRMS OKFQ MQTD CKUY TZCN AK5W K,9/17/2016,$790.21
623,ES28 0219 0592 1799 4100 0603,6/8/2016,$816.04
624,AT21 1768 4899 1312 8192,10/13/2016,$992.10
625,PK12 NIFR UYGA BMXO CP7K B2ZI,5/23/2016,$571.03
626,SI67 8052 4716 4018 798,2/24/2016,$776.30
627,LB64 6597 EFPE VM7L GY7Z QXYJ HQUB,1/7/2016,$259.88
628,MU71 YNVH 5396 0467 5826 1139 455A HU,6/3/2016,$911.60
629,IE12 XCJG 2371 1614 0228 33,7/7/2016,$461.52
630,FR11 9011 8941 33GG WJXW QV89 V69,3/25/2016,$238.59
631,BE03 7469 5436 9709,2/26/2016,$871.90
632,DK22 4654 5670 2283 40,4/30/2016,$516.48
633,EE76 7759 6293 9043 6829,8/18/2016,$961.58
634,FI95 4199 8102 3457 22,12/21/2015,$120.67
635,NO06 6609 4429 516,12/2/2015,$712.69
636,SK66 6011 0802 3460 1193 2482,1/26/2016,$356.09
637,FR58 1206 0269 19OW SF7B MBAQ M94,5/22/2016,$93.07
638,BE73 5059 4410 0463,11/14/2015,$597.42
639,FR66 2537 8177 92HT LQQ9 6YXB Q01,6/23/2016,$549.79
640,LV04 PMXK 1QTB ALSZ 4Z5W M,4/3/2016,$347.63
641,RS17 3930 9841 7898 0263 25,8/9/2016,$693.71
642,BA95 6766 7082 3036 6447,6/30/2016,$243.64
643,FI32 5313 9278 0318 89,5/27/2016,$717.48
644,FR61 1508 8742 56OX 0VAL A9HO 640,1/25/2016,$980.29
645,GI57 UUNA ND7X BWJ2 NAFU FZN,11/13/2015,$323.26
646,SE68 8959 6690 6493 5870 5874,11/28/2015,$605.55
647,RS47 9692 9044 9853 7818 15,5/6/2016,$269.83
648,ME97 2694 1427 8607 2972 13,6/12/2016,$251.74
649,HR60 4170 6268 0131 4949 0,12/20/2015,$932.29
650,BA78 6686 4678 9151 7270,11/21/2015,$329.31
651,FR65 9966 6155 17VY TJUX W6PH D75,4/24/2016,$480.07
652,PL88 6834 5492 6860 3858 1796 5490,1/27/2016,$803.24
653,MD96 DFES 5KL4 CLVU YI4F QKQP,11/22/2015,$608.87
654,IT04 O881 7222 654J CW4A QLCR ROM,7/14/2016,$782.73
655,TN57 8775 8033 9562 9966 2662,7/26/2016,$210.33
656,KZ86 994O 3PR2 9EWR OTUX,2/6/2016,$948.60
657,FR38 7577 1111 11EB Y2H6 KRJ3 U01,5/28/2016,$299.95
658,AL65 8639 8820 F4UM EJQA ODQ4 1KNY,9/28/2016,$252.20
659,GR56 4406 158R YOYK E5FX MJZB FCQ,4/17/2016,$983.14
660,RO18 ZNDV 5OZI B0VH Q3PE NJMA,11/23/2015,$773.30
661,DK09 2447 9645 1510 16,5/16/2016,$284.77
662,FO66 5133 9960 0543 39,5/21/2016,$462.46
663,AE49 0717 7968 0015 1274 531,6/10/2016,$384.49
664,GI52 DUXJ RXVH BCJC IPJV U0X,8/1/2016,$727.36
665,ES83 3375 7039 3395 6936 5694,5/28/2016,$954.38
666,FI68 3564 0615 5472 68,9/20/2016,$259.18
667,BE24 7536 2056 3090,10/21/2016,$381.67
668,FR77 5086 5441 394E 4HZK DUTF M24,3/17/2016,$460.96
669,CH25 5500 551C 8TOX FAJW I,2/3/2016,$86.89
670,PT09 1358 0692 3273 7202 1232 9,11/6/2016,$855.10
671,NL97 UHPD 8048 2765 47,11/28/2015,$563.30
672,MT52 ZYGU 8758 6KGQ MVAV TLOW DZEA WMS,9/13/2016,$254.38
673,SI98 1401 4970 0910 925,5/14/2016,$692.70
674,FR71 8435 9279 86AC ZN3E 6ELM G34,6/13/2016,$344.95
675,MU72 NILH 6877 1012 3215 6517 472T LU,3/7/2016,$840.82
676,MK96 5096 EQ6U YN4U B95,8/10/2016,$896.61
677,SA66 57IW OIYW LZBB CN3V ENEF,4/25/2016,$357.44
678,GE30 AZ24 1466 0443 9897 47,4/24/2016,$233.01
679,KW29 XQPZ LH30 KRVR SWMN IXRV 8DKI QH,7/17/2016,$129.23
680,LT52 7080 9896 7641 1378,2/9/2016,$351.05
681,BE47 4982 3004 3623,12/31/2015,$631.29
682,KW27 CVPH TENG SCEF DZC4 NAQR VM82 3T,7/11/2016,$722.49
683,DK58 5126 8732 9224 31,10/23/2016,$441.66
684,FR52 7605 2641 48XF N59E QRIV B99,1/17/2016,$970.70
685,BR83 4463 6228 0351 6452 0178 089V K,9/1/2016,$482.53
686,FR31 1135 9217 99IA FDLX EDFW M10,3/11/2016,$741.74
687,VG43 ZDPQ 6820 6956 1668 6045,8/19/2016,$823.96
688,MC39 0585 4158 66T6 PKZ1 3SLF P24,2/29/2016,$381.18
689,FR16 2100 2069 76KH JVFD 9LO1 C03,6/12/2016,$219.76
690,EE98 5772 0079 4189 0284,5/23/2016,$163.04
691,SE87 1503 2304 1472 1217 1752,1/6/2016,$132.13
692,BG31 FCCL 0182 157B APWX IP,2/16/2016,$373.83
693,FR21 4268 3687 68X4 GMLQ BGPR B50,5/5/2016,$463.67
694,LT44 6281 1498 5227 6430,3/23/2016,$596.05
695,MR34 4200 0910 6137 1443 3135 517,3/12/2016,$163.32
696,FI20 5516 2736 9048 55,1/15/2016,$884.55
697,FR24 6879 1761 36AG NGDL BQ8R A71,6/5/2016,$812.66
698,GT03 KBFX CBZF 1HKB XX30 VBJD E6CZ,12/8/2015,$438.74
699,GR47 4811 281O E1M1 P5E7 L5XT F8R,7/17/2016,$138.60
700,PT09 5763 6437 9316 5589 0964 8,4/18/2016,$577.21
701,FO38 8787 1193 5221 37,5/4/2016,$928.77
702,PT61 1282 7718 0569 2690 7410 0,6/3/2016,$726.55
703,LU83 3733 NFSW C8UH RHIZ,3/5/2016,$140.48
704,MR76 9763 3943 6160 6933 2084 382,12/3/2015,$504.60
705,CY56 6033 7832 NF5S ZM62 2GQ5 0AN5,1/17/2016,$882.22
706,MR71 3827 6814 9831 0983 0913 784,11/23/2015,$860.56
707,PT08 9855 2224 7596 7891 5578 5,12/6/2015,$420.96
708,SI03 4658 6108 8545 321,6/27/2016,$550.41
709,MC27 6066 0324 35ZZ XK76 L5PG C58,2/20/2016,$85.46
710,MT76 VNXD 4251 21HE K2GU AARS PRR0 D15,2/25/2016,$348.57
711,AD24 9619 5245 GHYI EMYL OAO5,9/9/2016,$138.28
712,AD91 0917 8411 DTQH OUYT BCKG,6/9/2016,$99.31
713,AT12 8803 1488 6135 5209,11/24/2015,$993.18
714,ES19 5962 2584 7508 4798 7782,9/19/2016,$289.57
715,FR83 2191 8019 13G6 UWPF RGOO T99,1/11/2016,$306.76
716,FR20 6191 4084 43GC 8QAF LZEJ V11,11/30/2015,$606.23
717,BA71 2159 4926 4202 4447,8/6/2016,$666.57
718,NO69 3149 9631 649,4/12/2016,$503.29
719,FR81 3790 0116 15C9 TJCV OOHE J23,12/28/2015,$907.48
720,CY72 2836 1631 M9EV JOWI BCCR KJDU,10/13/2016,$673.30
721,VG82 EPTK 0725 2612 2371 3649,11/26/2015,$385.29
722,SM58 D860 1230 611C ZOYW U4KT VR3,7/11/2016,$157.79
723,EE97 2123 0378 3867 7783,1/5/2016,$985.27
724,TR24 7236 9ZCV PX9P IL17 PHV1 IF,7/6/2016,$640.37
725,AE37 3526 6515 1888 6670 978,3/26/2016,$754.23
726,GL22 3542 9824 6112 86,9/17/2016,$431.83
727,KZ72 971C DVFN JQCR 109J,10/21/2016,$794.58
728,GL26 7049 0670 6645 10,11/14/2015,$918.48
729,DE06 5891 1061 7623 3247 50,7/21/2016,$266.29
730,FR04 2954 2102 36E2 2BGV LQF9 L88,8/5/2016,$227.59
731,BE14 7701 4164 0518,1/2/2016,$198.59
732,SE83 3191 7282 9158 0140 2970,10/14/2016,$731.70
733,AE17 9289 6943 8005 3466 815,7/21/2016,$347.12
734,FI42 6108 2891 6955 02,8/2/2016,$151.14
735,ME08 6220 8695 7814 7424 63,8/30/2016,$863.53
736,CR47 3268 7205 5336 3255 7,5/10/2016,$233.67
737,PT42 4563 0719 2639 3858 3289 7,1/16/2016,$771.86
738,GR82 0980 166V VKY7 YCRW UI47 PWN,6/21/2016,$393.58
739,SE71 4596 0822 5799 6786 4753,4/21/2016,$898.43
740,LU41 390F EUAO TNFK ESZU,7/17/2016,$233.60
741,MD77 SAPO 0SAO NKZL XMKA E7YX,7/19/2016,$783.27
742,NO17 5833 0624 978,9/2/2016,$116.02
743,LU84 126L LQWZ 5WX6 7JWL,4/24/2016,$376.87
744,GI88 OYBQ EBIK LLCI 7DF6 DSR,7/2/2016,$399.93
745,PT03 0541 4902 1121 0150 4002 7,8/11/2016,$746.51
746,CR75 6537 0548 1524 4532 0,9/11/2016,$123.03
747,DE29 4995 2631 1748 4513 85,6/1/2016,$740.71
748,BG19 EHTM 0239 20LN QIDY Q7,4/15/2016,$706.51
749,PK02 SASB FCIL 6AJZ R2BT TLTU,7/24/2016,$499.66
750,GI78 MGQX 2F9H PF2M OZUI TQD,7/8/2016,$327.45
751,FR10 7319 1913 06DL OREF 8WFR B51,12/15/2015,$779.12
752,FO10 1815 7803 9714 64,10/13/2016,$817.84
753,SA60 29KW VHSO ZWVI GTUO 4VII,2/14/2016,$937.05
754,NL29 XDSI 8073 7845 22,8/30/2016,$915.90
755,DE33 4965 6432 3199 1309 62,11/26/2015,$981.04
756,TR32 0366 4FZK V3RA ETXO V3Y6 Y8,9/11/2016,$307.30
757,CZ22 4611 3927 6987 1853 7244,8/29/2016,$384.88
758,LB42 0911 5X8B IOH2 VS6Y GA0E 6JRN,9/16/2016,$936.87
759,LT71 7742 7062 9036 4418,12/2/2015,$937.57
760,LU10 420S EEIA ITI2 RNO8,2/21/2016,$784.63
761,ES17 2956 2683 5551 6301 2684,6/11/2016,$911.06
762,CZ06 2882 9400 8051 3096 4930,2/24/2016,$857.27
763,GB32 MOWJ 7901 9249 3728 00,9/1/2016,$321.81
764,GB98 HYYK 3678 2641 4847 50,3/15/2016,$171.97
765,RO36 BEAY LSLC BODD EHSR M2DR,5/24/2016,$91.81
766,FR50 1870 3170 54HO S8OK 4I9K I39,10/15/2016,$316.02
767,FI89 6833 5909 5389 42,12/16/2015,$150.96
768,FR94 9216 0848 53WS B2C3 YMCG W85,9/9/2016,$862.21
769,EE43 9273 7450 9419 8252,5/4/2016,$197.67
770,GE96 IL62 2310 5261 2799 16,12/10/2015,$962.32
771,GB19 TYWJ 9217 4086 8433 77,10/13/2016,$877.64
772,FO72 7482 4846 6942 25,6/6/2016,$703.77
773,MU40 OOIY 4712 3702 9646 8030 582L CH,1/14/2016,$788.28
774,FR57 4558 4053 93RX KVZM WSAX B05,2/27/2016,$386.94
775,FR26 6192 0515 09UI XLRU QDVN Y73,11/29/2015,$350.64
776,FR87 2591 6819 86NZ 3SVF 4SJN K60,11/4/2016,$393.07
777,BE78 5733 1952 5440,1/28/2016,$470.79
778,MC66 8330 6241 10J2 HF1P EVJY 926,4/20/2016,$375.06
779,PS43 XLDF PWUI 5YXF BSFA UDHS GFSU Y,6/12/2016,$653.56
780,VG71 ULWD 3067 0986 8123 5835,12/31/2015,$338.84
781,FR72 9810 1816 47PM 3WEE ROBY Q93,12/26/2015,$157.74
782,NL58 KFUA 3768 8477 80,8/23/2016,$731.58
783,DO12 YDHQ 9104 7673 2193 4170 4718,5/8/2016,$384.97
784,FR46 4235 1136 36UP X9AG ABJ7 A69,3/2/2016,$210.29
785,SI82 9540 5261 3023 821,9/10/2016,$908.54
786,TR61 3466 8MPP 0A3X KDYE JMV1 3Q,6/21/2016,$77.99
787,BR46 7667 3231 5504 6710 5127 046N 6,10/4/2016,$890.17
788,KZ18 589U OMGF 8BSK L4OP,11/13/2015,$802.00
789,SA50 635B RVRB OTQE CXIJ ZBSI,5/12/2016,$895.92
790,FR53 0398 5096 15LZ HETM 4G6I L18,6/20/2016,$290.57
791,FR17 7976 9002 06EU 6ZKI I4CN Z12,8/14/2016,$529.35
792,FR71 9237 7838 83ZS 4MWW 1MZG 640,8/11/2016,$343.80
793,KZ60 098R OAUU WDM2 AD5H,9/17/2016,$876.90
794,MU03 UXPV 4141 9488 9219 1921 239J LO,11/10/2016,$448.42
795,LT81 9646 7513 7159 9680,8/25/2016,$321.34
796,MR97 7595 0727 3476 4442 0758 109,12/21/2015,$136.16
797,FR11 3487 0221 723M HGEU 1CKQ 856,10/26/2016,$514.94
798,MC43 6035 3748 24XY E0TH INQQ X81,5/4/2016,$339.46
799,RO14 UHFL SVUE 95BE WT56 CNWG,8/31/2016,$618.84
800,AZ16 AMOD WKIV DYY5 KGUG EUM5 GLTK,10/8/2016,$414.99
801,GI05 SEFF EGJO GQVC XAW1 DOJ,4/2/2016,$232.97
802,KZ10 963O UYAA IIVV TA7X,3/31/2016,$951.26
803,EE13 9723 3494 2490 2429,3/27/2016,$844.39
804,BE19 2014 7786 8952,2/16/2016,$218.47
805,MD34 T1AX RDFS XDRF BIR4 AWLR,2/10/2016,$496.81
806,AE29 9506 0019 1474 9425 436,4/1/2016,$245.27
807,IS50 3419 5285 4269 7819 0179 09,2/20/2016,$214.17
808,BH92 GNTD G1QN KPY5 DLTN PA,4/27/2016,$324.48
809,BA55 5885 3470 1128 2546,1/23/2016,$600.79
810,NL38 TSYW 9515 2602 51,6/15/2016,$345.26
811,PL61 5405 3281 6789 8341 1865 4745,5/10/2016,$782.84
812,MU07 DKOJ 0661 5483 2717 0269 286R RP,7/26/2016,$822.90
813,PT04 6854 8910 7307 4042 0854 7,7/16/2016,$503.76
814,FR33 4722 9064 98EX PJND UJPH X25,2/20/2016,$85.41
815,GL15 8567 8502 5887 70,6/28/2016,$752.99
816,FR28 3056 2106 03SC JYTB HCLA N56,3/8/2016,$917.17
817,LU59 485E 9AFE FVDJ JV8H,6/16/2016,$731.10
818,FR19 9558 6214 27LT FSRS O2JO E39,8/15/2016,$560.72
819,IS73 2689 6256 4501 3690 5218 33,3/25/2016,$720.64
820,BA88 2020 6537 0065 5133,11/23/2015,$841.85
821,FR60 9739 7864 77FQ FXJL PL8G N18,12/24/2015,$773.00
822,MC06 2195 0053 86VZ UUEB SDN5 V74,3/17/2016,$195.18
823,MT48 NNSO 7467 57KV OPIQ OATT TQDE 3Q7,10/6/2016,$452.36
824,SM62 G076 4040 778E YF6F B9VV 4NO,9/26/2016,$516.06
825,TN59 2027 4216 1011 1095 0714,10/3/2016,$287.33
826,GI22 OFGI M01U VCEN T0KR WKC,10/4/2016,$929.83
827,FR68 1606 5236 19MK 8LKU J3PD E17,9/16/2016,$100.96
828,BA04 7789 5425 5183 9070,8/24/2016,$481.13
829,MR98 6711 8452 8707 6458 5560 559,6/7/2016,$461.15
830,GI28 WOSQ JUQO NGZD NQHQ A1O,7/12/2016,$192.51
831,PK70 QADU 0I2T BSCL RXLV 5Y9V,11/24/2015,$639.01
832,KZ63 133I 4XOS VSGO 2H0F,8/28/2016,$214.61
833,FR26 4957 6234 38X6 KHDU GQWP 992,11/12/2015,$619.73
834,GE95 XQ71 6943 4359 4208 57,5/3/2016,$695.66
835,FR35 2220 8308 03WX 3GGI A9OK A43,12/10/2015,$870.43
836,FR03 3781 1974 537I KO6C JRIF S81,6/25/2016,$330.87
837,PS85 ODQP 78BI 3T5D CKA7 EXRI LBZW N,6/9/2016,$982.93
838,IL34 5891 3205 2094 9174 679,10/5/2016,$638.93
839,GB96 PBIY 6233 8933 5299 50,9/17/2016,$496.98
840,BH39 BHCV LUSA QAPX 3OF1 XE,8/29/2016,$195.59
841,MC95 1062 2266 23PB DQWI 4KKN 794,10/17/2016,$89.07
842,GE53 XC81 8718 8327 3535 52,3/12/2016,$665.75
843,KZ05 086O BCYX LYH2 NCMM,4/27/2016,$807.93
844,PS74 XUMW SHXW HEME GSCA KHY3 CJ5M A,10/20/2016,$834.93
845,DK46 0635 9885 3380 00,4/22/2016,$449.16
846,GE35 GO72 0539 5563 0264 88,8/12/2016,$947.12
847,GI59 AYYZ UVRZ SX8C KSQB XYB,11/4/2016,$881.76
848,IE32 QIMJ 7438 4632 9900 02,4/19/2016,$600.34
849,PL95 0422 0839 7462 5619 1759 6160,11/23/2015,$619.25
850,IS16 9115 1186 9845 9064 8865 88,2/23/2016,$105.75
851,MK15 013C NZ7A HMLQ W15,9/18/2016,$849.37
852,LI21 2271 1WLS W1QO QHTQ Z,1/10/2016,$705.55
853,IL19 4035 3294 9341 4564 964,5/11/2016,$156.69
854,MT26 TVPH 1932 3GXX JNSU W9LG FQ57 1QX,9/14/2016,$719.12
855,ME84 3834 9112 0456 7885 42,4/26/2016,$860.20
856,FR05 6736 6740 81K2 ZWNN ZRIE E74,11/7/2016,$805.22
857,LT60 6255 2726 9072 9072,9/27/2016,$885.72
858,GE43 IY66 6429 4318 7594 93,9/28/2016,$710.23
859,LT61 8438 7124 4811 5711,1/1/2016,$635.44
860,NL57 CETG 7491 2608 36,6/4/2016,$896.39
861,AT22 8193 7682 1328 0192,9/22/2016,$323.50
862,IS95 7308 3977 1784 8331 6576 11,10/25/2016,$178.81
863,IL72 7682 4058 9918 0934 719,2/24/2016,$292.90
864,VG68 BJTU 9450 0254 8672 6510,11/16/2015,$776.52
865,IL60 0375 8366 3306 9746 543,12/26/2015,$216.13
866,PS56 XHRN WRES JSV9 2YGU MXHA T7LM Z,12/24/2015,$569.32
867,RO35 UGDB 6LVZ SYVI IG5E CB33,1/24/2016,$849.87
868,SI26 7302 6299 9905 144,1/4/2016,$425.13
869,GB35 ZHJP 7529 1911 3445 31,10/3/2016,$624.31
870,MD75 FFPJ CXRA MXLD L8RK CDCW,4/19/2016,$836.76
871,FR64 9339 2884 48UF 7IRE NCZP B33,6/1/2016,$225.86
872,CR96 3373 0870 4568 4727 8,9/28/2016,$788.93
873,DO73 906X 4773 8489 3906 3101 2254,5/22/2016,$697.52
874,PS85 ABLS ENVS PWYI RBRK VBVT IK0G G,6/28/2016,$758.43
875,RS29 5419 4757 3460 7489 48,4/1/2016,$834.65
876,BA88 5057 5011 8959 1603,2/29/2016,$788.69
877,BE34 7591 1638 5709,12/30/2015,$80.46
878,FR73 7386 8941 428V L834 WJRP O29,9/1/2016,$555.07
879,DE68 8626 5950 3178 6333 73,9/9/2016,$645.55
880,SM90 Z977 6057 868V 1VGN KZ0P BTZ,12/17/2015,$887.87
881,CZ88 3998 3534 7377 3884 9769,12/13/2015,$901.91
882,BG79 LEES 0960 05VG JM5E Z6,11/30/2015,$730.96
883,GI53 OSGX G5X1 GFNZ SLJJ 1FK,3/11/2016,$802.82
884,BG35 DSZH 8032 76CQ K0PW 1Q,7/8/2016,$670.42
885,SK02 0036 3495 0047 4414 4614,4/14/2016,$964.31
886,FR30 3819 9477 0892 L3MC GFLG T69,10/1/2016,$491.13
887,CZ78 2732 2850 3624 5380 8971,7/13/2016,$886.37
888,BA20 8816 2043 9417 3051,6/23/2016,$981.43
889,GI11 FOLS NMZC ERZJ X8LE TMD,6/30/2016,$979.18
890,MD94 D9ZN PKWB LA53 NHCY 58ES,3/7/2016,$204.44
891,FI97 2489 3671 9093 71,1/23/2016,$552.59
892,LI07 4286 3E4H XIJD BLUN Z,1/12/2016,$373.82
893,BE13 6908 7668 0350,11/9/2016,$599.09
894,LB66 3179 G9GX UCLM VOZP ZCW9 RRAI,5/14/2016,$175.51
895,MD86 5GXM 7OB6 UPRQ O7CI X6H4,12/18/2015,$430.53
896,AT58 7512 7526 4685 8160,11/12/2015,$512.39
897,PL65 3083 8128 3969 0543 7808 1989,2/7/2016,$255.43
898,AL82 0620 3575 GRH1 5FLB 8XPU H3OO,3/2/2016,$933.20
899,DK78 0530 9422 3731 12,7/27/2016,$531.22
900,EE08 3774 5187 9725 2273,9/26/2016,$683.92
901,AZ83 GFCD ZREZ 24HP AMC0 QFFI 2JYG,6/22/2016,$813.55
902,NL82 OBKU 2719 1960 58,6/15/2016,$194.68
903,TR93 5458 9RPD ZDWT P9TT HJDK L2,5/9/2016,$322.70
904,FR51 1304 3836 63LV GVER VBTH I44,3/20/2016,$954.01
905,RS52 6765 1332 5868 7581 80,9/8/2016,$848.56
906,RS92 5776 9497 8743 1568 88,5/18/2016,$273.07
907,ES78 7448 0843 0227 8630 6048,7/18/2016,$223.56
908,FR81 8111 2407 561A ASOJ QUSM K25,9/19/2016,$855.71
909,AD42 5411 0401 XTB6 UDL1 A0N2,5/1/2016,$816.26
910,FR78 3221 7541 04YS WPCG NIKT U18,3/24/2016,$222.04
911,LB12 0582 LY4V PADH 6WA5 QZGU LHIO,9/11/2016,$843.03
912,MT14 OYUT 8548 2G6F MZZF HG6E AHFR IWC,1/27/2016,$270.22
913,DK52 3549 6783 4900 29,1/15/2016,$446.88
914,EE87 9099 7310 4896 6127,12/6/2015,$221.64
915,RO75 FSXE ZCDW XTUN NE0H PGDU,5/6/2016,$522.30
916,GI04 ZAYX 0M24 KCOT OMYE OQR,10/20/2016,$833.39
917,LI06 8390 6WVR GSKQ GXJF B,2/15/2016,$638.62
918,LB35 3874 GAMC 7HWO 2NSY K2MI WBYZ,4/15/2016,$696.69
919,DO27 5JPL 3169 1131 5673 4585 5177,1/20/2016,$312.63
920,LB51 8717 GNS0 FJNC XRPZ 3YBS XWPP,8/28/2016,$134.45
921,CH08 4750 4UDB RPWI KZOD B,1/17/2016,$308.22
922,ES07 3649 5610 9067 7463 3973,8/26/2016,$139.53
923,SE92 2855 1716 6171 7224 4055,10/28/2016,$357.41
924,CR94 8103 8337 3334 9622 2,12/10/2015,$407.46
925,MD52 MEVN JY4N HIS4 18D4 LQHT,6/29/2016,$131.45
926,BE02 6595 3974 4730,3/11/2016,$295.75
927,FR24 6711 8356 433N 934V ETMH 174,8/14/2016,$144.68
928,FR67 7857 4670 94KY KL2S GDIA S81,2/10/2016,$352.85
929,PT16 2148 3964 0995 3146 5103 3,11/19/2015,$482.93
930,LT13 8903 0665 5064 6908,9/17/2016,$962.66
931,GB94 MXCE 3650 6665 6631 62,2/21/2016,$976.65
932,FR77 5208 5799 28F6 B5RF RUTQ 557,3/12/2016,$651.55
933,LU85 477H RBUK KMLC GKO3,8/27/2016,$663.61
934,RS73 7021 2483 1083 5845 21,1/10/2016,$832.46
935,FR86 3650 3329 86Z4 WZFQ HJSF D17,4/19/2016,$315.98
936,AT49 8335 5788 6471 4673,3/2/2016,$502.33
937,MT69 IGWF 6736 5AIR XOFC PFCH 414Z VML,2/19/2016,$568.43
938,GB05 NFIV 3485 9630 8890 94,2/1/2016,$836.54
939,GI36 CEYI XVDU U6WC V4LW L57,6/9/2016,$764.14
940,LU18 781S TQTT ONLV XFDJ,1/2/2016,$685.42
941,KZ85 7311 WIBU RYZR PZPE,10/3/2016,$390.55
942,MU26 MRMJ 9429 2560 9282 6114 909N RO,9/4/2016,$115.37
943,SA70 10WR ETFB AETX LIGM UYSF,10/16/2016,$792.47
944,LI69 6671 7SGX UY3T R2T2 Q,4/10/2016,$205.89
945,FI91 8312 3805 4971 50,10/20/2016,$775.21
946,MD28 BNNL JHXW VC3M SNPH WWDP,8/11/2016,$349.80
947,FR58 3411 7610 73I1 IFFW CAL2 D34,2/27/2016,$879.26
948,BR15 6815 8850 5782 3982 4224 805B Y,4/10/2016,$752.02
949,MR56 5137 1128 7613 4737 2863 880,12/30/2015,$820.93
950,FR82 7971 1242 53TE 8PHJ TMIQ S77,10/8/2016,$313.18
951,SI27 7430 3921 4850 609,3/27/2016,$865.03
952,FR15 0675 8451 29T0 BZTV WPWQ O49,4/25/2016,$887.60
953,SK40 4065 7271 5702 4325 1933,9/11/2016,$699.50
954,FR69 9084 1660 04ST E374 PDJK N60,5/26/2016,$136.04
955,FR37 8767 5364 44VI 0PBA 0ZW3 D44,9/29/2016,$732.78
956,GB81 VOKJ 1974 5314 9743 13,9/27/2016,$618.67
957,LU04 8519 ST78 GMVY AQYD,5/3/2016,$412.05
958,NO98 1807 5357 643,4/13/2016,$590.18
959,BA55 4203 8552 0097 1570,12/5/2015,$132.13
960,AT06 7251 5948 1725 9182,12/29/2015,$857.62
961,AZ24 PEQV SNA4 1KTV E7JC RURC KJ1E,1/14/2016,$915.67
962,SA89 22TN HLMK PQHI LE9M EZJS,1/13/2016,$277.67
963,SA31 03EN FTSW NLBU WVT3 DGRT,3/26/2016,$214.95
964,FR81 2529 3471 73IE Y3MY YAWN C53,1/11/2016,$364.00
965,CY93 5457 3995 4CXW U7WJ GYOH DY55,3/31/2016,$322.05
966,CR18 9776 6231 9699 7972 3,7/7/2016,$861.74
967,FR62 8809 1229 20W4 2R1J XYVB W44,7/24/2016,$159.98
968,DO42 IWLP 9343 5575 7193 2543 5490,3/27/2016,$405.34
969,KW46 XAWV ZZSO VSEY KR1U HUDR 4HTB XX,4/21/2016,$497.43
970,FR13 9365 3750 82IV DUHY 1ZBH 620,8/14/2016,$615.40
971,TR60 7859 3DQ3 KVZH VIF7 QS5C 9L,2/22/2016,$862.20
972,SI51 4764 5610 7430 385,10/20/2016,$290.13
973,MT62 NKWT 6195 4SP7 7TZS 6TY9 1PLE CBE,8/15/2016,$204.18
974,DK60 0426 8113 0643 84,8/27/2016,$589.20
975,DO34 C6O2 1887 4034 8295 8031 4611,4/7/2016,$819.15
976,FR89 4751 7896 89QN 1O18 XNRQ 083,10/24/2016,$897.58
977,AL88 8106 8973 AZUA E7ON JHFT YOZ1,6/23/2016,$788.90
978,HR88 2007 6844 9439 5037 3,11/4/2016,$851.14
979,DE09 4416 1242 3144 0147 06,8/19/2016,$593.53
980,GL50 9932 4911 9205 61,5/20/2016,$457.09
981,PL57 9990 8935 3440 5188 6709 0966,9/12/2016,$408.05
982,DE80 7570 9291 1194 0889 40,6/1/2016,$543.87
983,GL82 0333 5888 9431 71,11/30/2015,$358.15
984,TR67 1418 0QYY LOZT K0SX QGY3 R8,6/5/2016,$681.78
985,HR46 7426 3039 6613 5421 2,10/13/2016,$132.59
986,BG68 WYDB 0349 45ZZ HYYP RB,8/9/2016,$935.66
987,DO20 NBCD 6159 1936 4830 6462 3995,8/9/2016,$442.79
988,LI70 1237 2FEN V1JL VG4E N,11/19/2015,$278.42
989,LI65 2907 7CDQ 5OJ2 0R0G 2,12/25/2015,$621.20
990,KZ49 132K CD2U D644 XYBC,8/1/2016,$321.68
991,LV12 NPCV QCI2 FUO0 DHWX P,10/8/2016,$767.06
992,FR26 5474 7774 95A6 HTGJ 7TMQ N54,3/11/2016,$132.99
993,BE96 8381 0612 4836,1/17/2016,$352.14
994,GI57 RPQD HYSU H8HZ 6BVY F8D,7/3/2016,$633.28
995,MK78 919M WXBO X9BN 371,8/16/2016,$962.35
996,DK31 0110 8378 8602 93,11/28/2015,$188.01
997,MD48 TUWI UDBO PZO9 JHPG LQPW,8/1/2016,$698.76
998,GI22 BIRV XIZG 6EQZ EOUD LAJ,10/6/2016,$365.72
999,TN46 8564 2934 4808 0163 1949,9/29/2016,$642.55
1000,BR39 4463 1954 2672 2194 8292 160T Q,5/21/2016,$193.84
